{
	"name": "ALLload",
	"properties": {
		"linkedServiceName": {
			"referenceName": "AzureBlobStorage3",
			"type": "LinkedServiceReference"
		},
		"parameters": {
			"Countr": {
				"type": "string"
			}
		},
		"annotations": [],
		"type": "DelimitedText",
		"typeProperties": {
			"location": {
				"type": "AzureBlobStorageLocation",
				"folderPath": {
					"value": "@dataset().Countr",
					"type": "Expression"
				},
				"container": "containforblob"
			},
			"columnDelimiter": ",",
			"escapeChar": "\\",
			"firstRowAsHeader": true,
			"quoteChar": "\""
		},
		"schema": []
	},
	"type": "Microsoft.DataFactory/factories/datasets"
}