{
	"name": "AzureSqlTable3",
	"properties": {
		"linkedServiceName": {
			"referenceName": "sqlservice",
			"type": "LinkedServiceReference"
		},
		"annotations": [],
		"type": "AzureSqlTable",
		"schema": [
			{
				"name": "Prop_0",
				"type": "nvarchar"
			},
			{
				"name": "Prop_1",
				"type": "nvarchar"
			},
			{
				"name": "Prop_2",
				"type": "nvarchar"
			}
		],
		"typeProperties": {
			"schema": "dbo",
			"table": "getcustomers"
		}
	},
	"type": "Microsoft.DataFactory/factories/datasets"
}