{
	"name": "New",
	"properties": {
		"linkedServiceName": {
			"referenceName": "Datasetissue",
			"type": "LinkedServiceReference"
		},
		"annotations": [],
		"type": "DelimitedText",
		"typeProperties": {
			"location": {
				"type": "AzureBlobStorageLocation",
				"container": "containforblob"
			},
			"columnDelimiter": ",",
			"escapeChar": "\\",
			"firstRowAsHeader": true,
			"quoteChar": "\""
		},
		"schema": [
			{
				"name": "Country Code;Country",
				"type": "String"
			},
			{
				"name": "Prop_1",
				"type": "String"
			},
			{
				"name": "Prop_2",
				"type": "String"
			},
			{
				"name": "Prop_3",
				"type": "String"
			},
			{
				"name": "Prop_4",
				"type": "String"
			},
			{
				"name": "Prop_5",
				"type": "String"
			},
			{
				"name": "Prop_6",
				"type": "String"
			},
			{
				"name": "Prop_7",
				"type": "String"
			},
			{
				"name": "Prop_8",
				"type": "String"
			},
			{
				"name": "Prop_9",
				"type": "String"
			},
			{
				"name": "Prop_10",
				"type": "String"
			},
			{
				"name": "Prop_11",
				"type": "String"
			},
			{
				"name": "Prop_12",
				"type": "String"
			},
			{
				"name": "Prop_13",
				"type": "String"
			}
		]
	},
	"type": "Microsoft.DataFactory/factories/datasets"
}