{
	"name": "Product",
	"properties": {
		"linkedServiceName": {
			"referenceName": "Productblob",
			"type": "LinkedServiceReference"
		},
		"parameters": {
			"Pr": {
				"type": "string"
			}
		},
		"annotations": [],
		"type": "DelimitedText",
		"typeProperties": {
			"location": {
				"type": "AzureBlobStorageLocation",
				"fileName": "Product.csv",
				"container": "containforblob"
			},
			"columnDelimiter": ",",
			"escapeChar": "\\",
			"firstRowAsHeader": true,
			"quoteChar": "\""
		},
		"schema": [
			{
				"name": "Product ID",
				"type": "String"
			},
			{
				"name": "Product",
				"type": "String"
			},
			{
				"name": "Units Sold",
				"type": "String"
			},
			{
				"name": "Manufacturing Price",
				"type": "String"
			},
			{
				"name": "Sale Price",
				"type": "String"
			},
			{
				"name": "Gross Sales",
				"type": "String"
			},
			{
				"name": "Sales",
				"type": "String"
			},
			{
				"name": "Profit",
				"type": "String"
			}
		]
	},
	"type": "Microsoft.DataFactory/factories/datasets"
}