{
	"name": "Job Portal Pipeline",
	"properties": {
		"description": "COPY TABLES FROM SSMS TO SNOWFLAKE\n",
		"activities": [
			{
				"name": "Copy data1",
				"type": "Copy",
				"dependsOn": [],
				"policy": {
					"timeout": "0.12:00:00",
					"retry": 0,
					"retryIntervalInSeconds": 30,
					"secureOutput": false,
					"secureInput": false
				},
				"userProperties": [],
				"typeProperties": {
					"source": {
						"type": "SqlServerSource",
						"queryTimeout": "02:00:00",
						"partitionOption": "None"
					},
					"sink": {
						"type": "SnowflakeV2Sink",
						"importSettings": {
							"type": "SnowflakeImportCopyCommand"
						}
					},
					"enableStaging": true,
					"stagingSettings": {
						"linkedServiceName": {
							"referenceName": "StagingLinkService",
							"type": "LinkedServiceReference"
						},
						"path": "stage",
						"enableCompression": false
					},
					"translator": {
						"type": "TabularTranslator",
						"mappings": [
							{
								"source": {
									"name": "customer_id",
									"type": "Int32"
								},
								"sink": {
									"name": "CUSTOMER_ID",
									"type": "Int64"
								}
							},
							{
								"source": {
									"name": "country",
									"type": "String"
								},
								"sink": {
									"name": "COUNTRY",
									"type": "String"
								}
							},
							{
								"source": {
									"name": "region",
									"type": "String"
								},
								"sink": {
									"name": "REGION",
									"type": "String"
								}
							}
						]
					}
				},
				"inputs": [
					{
						"referenceName": "Jobportal",
						"type": "DatasetReference"
					}
				],
				"outputs": [
					{
						"referenceName": "SnowflakeJobPortLink",
						"type": "DatasetReference"
					}
				]
			}
		],
		"annotations": []
	}
}